"DESCRIPTION","DURATION IN MS","NAME","PARENT SUITE","START TIME","STATUS","STOP TIME","SUB SUITE","SUITE","TEST CLASS","TEST METHOD"
"","4626","transferData_privateBackend()","","Mon Sep 01 03:50:20 GMT 2025","passed","Mon Sep 01 03:50:25 GMT 2025","","org.eclipse.tractusx.edc.tests.transfer.TransferPullEndToEndTest.Dsp2025to2025","org.eclipse.tractusx.edc.tests.transfer.TransferPullEndToEndTest$Dsp2025to2025","transferData_privateBackend"
"","69","Policy is accepted Managed Legal Entity BPNL","","Mon Sep 01 03:49:45 GMT 2025","passed","Mon Sep 01 03:49:45 GMT 2025","","org.eclipse.tractusx.edc.tests.policy.PolicyDefinitionEndToEndTest","org.eclipse.tractusx.edc.tests.policy.PolicyDefinitionEndToEndTest","shouldAcceptValidPolicyDefinitions"
"","1277","The authentication token misses required claims: audience","","Mon Sep 01 03:49:25 GMT 2025","passed","Mon Sep 01 03:49:26 GMT 2025","","org.eclipse.tractusx.edc.dataplane.tokenrefresh.e2e.DataPlaneTokenRefreshEndToEndTest","org.eclipse.tractusx.edc.dataplane.tokenrefresh.e2e.DataPlaneTokenRefreshEndToEndTest","refresh_invalidAuthenticationToken_missingAudience"
"","4066","transferData_privateBackend_withConsumerDataPlane()","","Mon Sep 01 03:51:33 GMT 2025","passed","Mon Sep 01 03:51:37 GMT 2025","","org.eclipse.tractusx.edc.tests.transfer.TransferPullEndToEndTest.Dsp08to08","org.eclipse.tractusx.edc.tests.transfer.TransferPullEndToEndTest$Dsp08to08","transferData_privateBackend_withConsumerDataPlane"
"","141","triggerDataTransfer_shouldFail_whenDataFlowDoesNotExist()","","Mon Sep 01 03:49:30 GMT 2025","passed","Mon Sep 01 03:49:30 GMT 2025","","org.eclipse.tractusx.edc.tests.transfer.DataFlowApiEndToEndTest","org.eclipse.tractusx.edc.tests.transfer.DataFlowApiEndToEndTest","triggerDataTransfer_shouldFail_whenDataFlowDoesNotExist"
"","10","verifyCorrectParticipantAgentId_forDsp08(DataspaceProfileContextRegistry)","","Mon Sep 01 03:51:17 GMT 2025","passed","Mon Sep 01 03:51:17 GMT 2025","","org.eclipse.tractusx.edc.tests.transfer.IdentityExtractionTest","org.eclipse.tractusx.edc.tests.transfer.IdentityExtractionTest","verifyCorrectParticipantAgentId_forDsp08"
"","578","Verify HTTP 403 response when refreshing the token is not allowed","","Mon Sep 01 03:50:38 GMT 2025","passed","Mon Sep 01 03:50:39 GMT 2025","","org.eclipse.tractusx.edc.tests.edrv2.EdrCacheApiEndToEndTest","org.eclipse.tractusx.edc.tests.edrv2.EdrCacheApiEndToEndTest","getEdrWithRefresh_unauthorized"
"","2183","transferFile_success()","","Mon Sep 01 03:51:27 GMT 2025","passed","Mon Sep 01 03:51:29 GMT 2025","","org.eclipse.tractusx.edc.dataplane.transfer.test.S3ToS3Test","org.eclipse.tractusx.edc.dataplane.transfer.test.S3ToS3Test","transferFile_success"
"","44","Policy is accepted Access policy with empty permission","","Mon Sep 01 03:49:46 GMT 2025","passed","Mon Sep 01 03:49:46 GMT 2025","","org.eclipse.tractusx.edc.tests.policy.PolicyDefinitionEndToEndTest","org.eclipse.tractusx.edc.tests.policy.PolicyDefinitionEndToEndTest","shouldAcceptValidPolicyDefinitions"
"","55","Policy is accepted Warranty Definition","","Mon Sep 01 03:49:46 GMT 2025","passed","Mon Sep 01 03:49:46 GMT 2025","","org.eclipse.tractusx.edc.tests.policy.PolicyDefinitionEndToEndTest","org.eclipse.tractusx.edc.tests.policy.PolicyDefinitionEndToEndTest","shouldAcceptValidPolicyDefinitions"
"","10579","azureBlobPush_withoutDestFolder()","","Mon Sep 01 03:49:46 GMT 2025","passed","Mon Sep 01 03:49:57 GMT 2025","","org.eclipse.tractusx.edc.tests.transfer.AzureToAzureEndToEndTest","org.eclipse.tractusx.edc.tests.transfer.AzureToAzureEndToEndTest","azureBlobPush_withoutDestFolder"
"","45","Policy is accepted Confidential Information Measures","","Mon Sep 01 03:49:46 GMT 2025","passed","Mon Sep 01 03:49:46 GMT 2025","","org.eclipse.tractusx.edc.tests.policy.PolicyDefinitionEndToEndTest","org.eclipse.tractusx.edc.tests.policy.PolicyDefinitionEndToEndTest","shouldAcceptValidPolicyDefinitions"
"","6722","httpPushDataTransfer()","","Mon Sep 01 03:52:45 GMT 2025","passed","Mon Sep 01 03:52:52 GMT 2025","","org.eclipse.tractusx.edc.tests.transfer.TransferPushEndToEndTest.Dsp2025to2025","org.eclipse.tractusx.edc.tests.transfer.TransferPushEndToEndTest$Dsp2025to2025","httpPushDataTransfer"
"","4362","transferData_successful_notReturnOriginalSourceResponseCode_withTerminate()","","Mon Sep 01 03:52:22 GMT 2025","passed","Mon Sep 01 03:52:26 GMT 2025","","org.eclipse.tractusx.edc.tests.transfer.TransferPullEndToEndTest.Dsp08to08","org.eclipse.tractusx.edc.tests.transfer.TransferPullEndToEndTest$Dsp08to08","transferData_successful_notReturnOriginalSourceResponseCode_withTerminate"
"","2972","transferData_success_withProxyOriginalResponse_withoutSourceResponseBody()","","Mon Sep 01 03:50:29 GMT 2025","passed","Mon Sep 01 03:50:32 GMT 2025","","org.eclipse.tractusx.edc.tests.transfer.TransferPullEndToEndTest.Dsp2025to2025","org.eclipse.tractusx.edc.tests.transfer.TransferPullEndToEndTest$Dsp2025to2025","transferData_success_withProxyOriginalResponse_withoutSourceResponseBody"
"","31","Policy is accepted Data Usage End Duration Days","","Mon Sep 01 03:49:47 GMT 2025","passed","Mon Sep 01 03:49:47 GMT 2025","","org.eclipse.tractusx.edc.tests.policy.PolicyDefinitionEndToEndTest","org.eclipse.tractusx.edc.tests.policy.PolicyDefinitionEndToEndTest","shouldNotAcceptInvalidNamespacePolicyDefinitions"
"","71","BusinessPartnerUpdated event is published","","Mon Sep 01 03:49:34 GMT 2025","passed","Mon Sep 01 03:49:34 GMT 2025","","org.eclipse.tractusx.edc.tests.bpn.events.BusinessPartnerEventTest","org.eclipse.tractusx.edc.tests.bpn.events.BusinessPartnerEventTest","shouldPublishBusinessPartnerUpdatedEvent"
"","4619","transferData_failing_withProxyOriginalResponse_withoutSourceResponseBody()","","Mon Sep 01 03:52:05 GMT 2025","passed","Mon Sep 01 03:52:09 GMT 2025","","org.eclipse.tractusx.edc.tests.transfer.TransferPullEndToEndTest.Dsp08to08","org.eclipse.tractusx.edc.tests.transfer.TransferPullEndToEndTest$Dsp08to08","transferData_failing_withProxyOriginalResponse_withoutSourceResponseBody"
"","60","Policy is accepted In force date policy","","Mon Sep 01 03:49:46 GMT 2025","passed","Mon Sep 01 03:49:46 GMT 2025","","org.eclipse.tractusx.edc.tests.policy.PolicyDefinitionEndToEndTest","org.eclipse.tractusx.edc.tests.policy.PolicyDefinitionEndToEndTest","shouldAcceptValidPolicyDefinitions"
"","3993","transferData_privateBackend()","","Mon Sep 01 03:51:36 GMT 2025","passed","Mon Sep 01 03:51:40 GMT 2025","","org.eclipse.tractusx.edc.tests.transfer.StsConsumerPullTest","org.eclipse.tractusx.edc.tests.transfer.StsConsumerPullTest","transferData_privateBackend"
"","8826","transferFile_withBucketCreation_success()","","Mon Sep 01 03:51:01 GMT 2025","passed","Mon Sep 01 03:51:10 GMT 2025","","org.eclipse.tractusx.edc.tests.transfer.S3ToS3EndToEndTest","org.eclipse.tractusx.edc.tests.transfer.S3ToS3EndToEndTest","transferFile_withBucketCreation_success"
"","70","Provider gets 200 when asset selector has a valid criterion","","Mon Sep 01 03:50:29 GMT 2025","passed","Mon Sep 01 03:50:29 GMT 2025","","org.eclipse.tractusx.edc.tests.validators.EmptyAssetSelectorValidatorTest","org.eclipse.tractusx.edc.tests.validators.EmptyAssetSelectorValidatorTest","shouldPass_whenContractDefinitionHasCorrectAssetSelector"
"","62","Policy is accepted Liability","","Mon Sep 01 03:49:45 GMT 2025","passed","Mon Sep 01 03:49:45 GMT 2025","","org.eclipse.tractusx.edc.tests.policy.PolicyDefinitionEndToEndTest","org.eclipse.tractusx.edc.tests.policy.PolicyDefinitionEndToEndTest","shouldAcceptValidPolicyDefinitions"
"","3031","transferData_unsuccessful_notReturnOriginalSourceResponseCode_withTerminate()","","Mon Sep 01 03:50:32 GMT 2025","passed","Mon Sep 01 03:50:35 GMT 2025","","org.eclipse.tractusx.edc.tests.transfer.TransferPullEndToEndTest.Dsp2025to2025","org.eclipse.tractusx.edc.tests.transfer.TransferPullEndToEndTest$Dsp2025to2025","transferData_unsuccessful_notReturnOriginalSourceResponseCode_withTerminate"
"","158","refreshEdr_whenNotFound()","","Mon Sep 01 03:50:38 GMT 2025","passed","Mon Sep 01 03:50:38 GMT 2025","","org.eclipse.tractusx.edc.tests.edrv2.EdrCacheApiEndToEndTest","org.eclipse.tractusx.edc.tests.edrv2.EdrCacheApiEndToEndTest","refreshEdr_whenNotFound"
"","26","Policy is not accepted Usage policy obligation with not allowed constraints","","Mon Sep 01 03:49:46 GMT 2025","passed","Mon Sep 01 03:49:47 GMT 2025","","org.eclipse.tractusx.edc.tests.policy.PolicyDefinitionEndToEndTest","org.eclipse.tractusx.edc.tests.policy.PolicyDefinitionEndToEndTest","shouldNotAcceptInvalidPolicyDefinitions"
"","164","4.3.3 Verify invalid access token - jti","","Mon Sep 01 03:49:28 GMT 2025","passed","Mon Sep 01 03:49:28 GMT 2025","","org.eclipse.dataspacetck.dcp.verification.presentation.verifier.PresentationFlowSection4Test","org.eclipse.dataspacetck.dcp.verification.presentation.verifier.PresentationFlowSection4Test","verifier_04_03_03_idTokenJtiUsedTwice"
"","2418","Consumer gets cached catalog with provider entry","","Mon Sep 01 03:50:34 GMT 2025","passed","Mon Sep 01 03:50:37 GMT 2025","","org.eclipse.tractusx.edc.tests.catalog.FederatedCatalogTest","org.eclipse.tractusx.edc.tests.catalog.FederatedCatalogTest","requestCatalog_fulfillsPolicy_shouldReturnOffer"
"","1274","BusinessPartnerCreated event is published","","Mon Sep 01 03:49:32 GMT 2025","passed","Mon Sep 01 03:49:34 GMT 2025","","org.eclipse.tractusx.edc.tests.bpn.events.BusinessPartnerEventTest","org.eclipse.tractusx.edc.tests.bpn.events.BusinessPartnerEventTest","shouldPublishBusinessPartnerCreatedEvent"
"","333","Expect the Catalog request to fail if a credential is revoked","","Mon Sep 01 03:50:57 GMT 2025","passed","Mon Sep 01 03:50:58 GMT 2025","","org.eclipse.tractusx.edc.tests.transfer.DimConsumerPullTest","org.eclipse.tractusx.edc.tests.transfer.DimConsumerPullTest","catalogRequest_whenCredentialRevoked"
"","4023","transferData_success_withProxyOriginalResponse_withoutSourceResponseBody()","","Mon Sep 01 03:51:37 GMT 2025","passed","Mon Sep 01 03:51:41 GMT 2025","","org.eclipse.tractusx.edc.tests.transfer.TransferPullEndToEndTest.Dsp08to08","org.eclipse.tractusx.edc.tests.transfer.TransferPullEndToEndTest$Dsp08to08","transferData_success_withProxyOriginalResponse_withoutSourceResponseBody"
"","74","Policy is accepted DataExchangeGovernance use case","","Mon Sep 01 03:49:45 GMT 2025","passed","Mon Sep 01 03:49:45 GMT 2025","","org.eclipse.tractusx.edc.tests.policy.PolicyDefinitionEndToEndTest","org.eclipse.tractusx.edc.tests.policy.PolicyDefinitionEndToEndTest","shouldAcceptValidPolicyDefinitions"
"","6033","azureBlobPush_withDestFolder()","","Mon Sep 01 03:49:57 GMT 2025","passed","Mon Sep 01 03:50:03 GMT 2025","","org.eclipse.tractusx.edc.tests.transfer.AzureToAzureEndToEndTest","org.eclipse.tractusx.edc.tests.transfer.AzureToAzureEndToEndTest","azureBlobPush_withDestFolder"
"","73","5.4.2.2 Verifier should accept a presentation response message that contains more credentials than requested","","Mon Sep 01 03:49:28 GMT 2025","passed","Mon Sep 01 03:49:28 GMT 2025","","org.eclipse.dataspacetck.dcp.verification.presentation.verifier.PresentationFlowSection5Test","org.eclipse.dataspacetck.dcp.verification.presentation.verifier.PresentationFlowSection5Test","verifier_05_04_02_02_presentationResponse_tooManyCredentials"
"","1304","Refresh token is null or empty (missing) [1] null","","Mon Sep 01 03:49:18 GMT 2025","passed","Mon Sep 01 03:49:20 GMT 2025","","org.eclipse.tractusx.edc.dataplane.tokenrefresh.e2e.DataPlaneTokenRefreshEndToEndTest","org.eclipse.tractusx.edc.dataplane.tokenrefresh.e2e.DataPlaneTokenRefreshEndToEndTest","refresh_invalidRefreshToken"
"","50","Policy is accepted Jurisdiction Location","","Mon Sep 01 03:49:45 GMT 2025","passed","Mon Sep 01 03:49:45 GMT 2025","","org.eclipse.tractusx.edc.tests.policy.PolicyDefinitionEndToEndTest","org.eclipse.tractusx.edc.tests.policy.PolicyDefinitionEndToEndTest","shouldAcceptValidPolicyDefinitions"
"","68","Policy is accepted Data Frequency","","Mon Sep 01 03:49:45 GMT 2025","passed","Mon Sep 01 03:49:45 GMT 2025","","org.eclipse.tractusx.edc.tests.policy.PolicyDefinitionEndToEndTest","org.eclipse.tractusx.edc.tests.policy.PolicyDefinitionEndToEndTest","shouldAcceptValidPolicyDefinitions"
"","47","Policy is accepted Contract reference","","Mon Sep 01 03:49:46 GMT 2025","passed","Mon Sep 01 03:49:46 GMT 2025","","org.eclipse.tractusx.edc.tests.policy.PolicyDefinitionEndToEndTest","org.eclipse.tractusx.edc.tests.policy.PolicyDefinitionEndToEndTest","shouldAcceptValidPolicyDefinitions"
"","28","Policy is accepted DataExchangeGovernance use case","","Mon Sep 01 03:49:47 GMT 2025","passed","Mon Sep 01 03:49:47 GMT 2025","","org.eclipse.tractusx.edc.tests.policy.PolicyDefinitionEndToEndTest","org.eclipse.tractusx.edc.tests.policy.PolicyDefinitionEndToEndTest","shouldNotAcceptInvalidNamespacePolicyDefinitions"
"","1509","shouldDelegateAuth()","","Mon Sep 01 03:50:13 GMT 2025","passed","Mon Sep 01 03:50:15 GMT 2025","","org.eclipse.tractusx.edc.tests.auth.DelegatedAuthEndToEndTest","org.eclipse.tractusx.edc.tests.auth.DelegatedAuthEndToEndTest","shouldDelegateAuth"
"","38","4.3.3 Verify invalid access token - expired","","Mon Sep 01 03:49:28 GMT 2025","passed","Mon Sep 01 03:49:28 GMT 2025","","org.eclipse.dataspacetck.dcp.verification.presentation.verifier.PresentationFlowSection4Test","org.eclipse.dataspacetck.dcp.verification.presentation.verifier.PresentationFlowSection4Test","verifier_04_03_03_idTokenExpired"
"","50","4.3.3 Verify invalid access token - iss and sub different","","Mon Sep 01 03:49:28 GMT 2025","passed","Mon Sep 01 03:49:28 GMT 2025","","org.eclipse.dataspacetck.dcp.verification.presentation.verifier.PresentationFlowSection4Test","org.eclipse.dataspacetck.dcp.verification.presentation.verifier.PresentationFlowSection4Test","verifier_04_03_03_idTokenInvalidSub"
"","56","Policy is accepted Liability","","Mon Sep 01 03:49:45 GMT 2025","passed","Mon Sep 01 03:49:45 GMT 2025","","org.eclipse.tractusx.edc.tests.policy.PolicyDefinitionEndToEndTest","org.eclipse.tractusx.edc.tests.policy.PolicyDefinitionEndToEndTest","shouldAcceptValidPolicyDefinitions"
"","578","Verify HTTP 200 response and body when refreshing succeeds","","Mon Sep 01 03:50:44 GMT 2025","passed","Mon Sep 01 03:50:45 GMT 2025","","org.eclipse.tractusx.edc.tests.edrv2.EdrCacheApiEndToEndTest","org.eclipse.tractusx.edc.tests.edrv2.EdrCacheApiEndToEndTest","getEdrWithRefresh_success"
"","32","Policy is accepted Jurisdiction Location Reference","","Mon Sep 01 03:49:47 GMT 2025","passed","Mon Sep 01 03:49:47 GMT 2025","","org.eclipse.tractusx.edc.tests.policy.PolicyDefinitionEndToEndTest","org.eclipse.tractusx.edc.tests.policy.PolicyDefinitionEndToEndTest","shouldNotAcceptInvalidNamespacePolicyDefinitions"
"","5834","transferData_withSuspendResume()","","Mon Sep 01 03:51:00 GMT 2025","passed","Mon Sep 01 03:51:06 GMT 2025","","org.eclipse.tractusx.edc.tests.transfer.TransferPullEndToEndTest.Dsp2025to2025","org.eclipse.tractusx.edc.tests.transfer.TransferPullEndToEndTest$Dsp2025to2025","transferData_withSuspendResume"
"","34","Policy is accepted Data Frequency","","Mon Sep 01 03:49:47 GMT 2025","passed","Mon Sep 01 03:49:47 GMT 2025","","org.eclipse.tractusx.edc.tests.policy.PolicyDefinitionEndToEndTest","org.eclipse.tractusx.edc.tests.policy.PolicyDefinitionEndToEndTest","shouldNotAcceptInvalidNamespacePolicyDefinitions"
"","50","5.4.2.4 Verifier should reject an a presentation where a requested credential is missing","","Mon Sep 01 03:49:28 GMT 2025","passed","Mon Sep 01 03:49:28 GMT 2025","","org.eclipse.dataspacetck.dcp.verification.presentation.verifier.PresentationFlowSection5Test","org.eclipse.dataspacetck.dcp.verification.presentation.verifier.PresentationFlowSection5Test","verifier_05_04_02_04_presentationResponse_emptyCredentials"
"","51","Policy is accepted Affiliates BPNL","","Mon Sep 01 03:49:45 GMT 2025","passed","Mon Sep 01 03:49:45 GMT 2025","","org.eclipse.tractusx.edc.tests.policy.PolicyDefinitionEndToEndTest","org.eclipse.tractusx.edc.tests.policy.PolicyDefinitionEndToEndTest","shouldAcceptValidPolicyDefinitions"
"","25","Policy is not accepted Usage policy permission with not allowed constraints","","Mon Sep 01 03:49:46 GMT 2025","passed","Mon Sep 01 03:49:46 GMT 2025","","org.eclipse.tractusx.edc.tests.policy.PolicyDefinitionEndToEndTest","org.eclipse.tractusx.edc.tests.policy.PolicyDefinitionEndToEndTest","shouldNotAcceptInvalidPolicyDefinitions"
"","2049","transferFile_s3ToAzure(Vault)","","Mon Sep 01 03:51:13 GMT 2025","passed","Mon Sep 01 03:51:15 GMT 2025","","org.eclipse.tractusx.edc.dataplane.transfer.test.MultiCloudTest","org.eclipse.tractusx.edc.dataplane.transfer.test.MultiCloudTest","transferFile_s3ToAzure"
"","230","Verify that the consumer receives only the offers he is permitted to (using the legacy BPN validation)","","Mon Sep 01 03:50:14 GMT 2025","passed","Mon Sep 01 03:50:14 GMT 2025","","org.eclipse.tractusx.edc.tests.catalog.CatalogTest","org.eclipse.tractusx.edc.tests.catalog.CatalogTest","requestCatalog_filteredByBpnLegacy_shouldReject"
"","2768","transferFile_azureToS3MultipleFiles(Vault)","","Mon Sep 01 03:51:09 GMT 2025","passed","Mon Sep 01 03:51:11 GMT 2025","","org.eclipse.tractusx.edc.dataplane.transfer.test.MultiCloudTest","org.eclipse.tractusx.edc.dataplane.transfer.test.MultiCloudTest","transferFile_azureToS3MultipleFiles"
"","24","Policy is accepted Affiliates Region","","Mon Sep 01 03:49:47 GMT 2025","passed","Mon Sep 01 03:49:47 GMT 2025","","org.eclipse.tractusx.edc.tests.policy.PolicyDefinitionEndToEndTest","org.eclipse.tractusx.edc.tests.policy.PolicyDefinitionEndToEndTest","shouldNotAcceptInvalidNamespacePolicyDefinitions"
"","158","triggerDataTransfer_shouldFail_whenDataFlowIsFinite()","","Mon Sep 01 03:49:29 GMT 2025","passed","Mon Sep 01 03:49:29 GMT 2025","","org.eclipse.tractusx.edc.tests.transfer.DataFlowApiEndToEndTest","org.eclipse.tractusx.edc.tests.transfer.DataFlowApiEndToEndTest","triggerDataTransfer_shouldFail_whenDataFlowIsFinite"
"","46","Policy is accepted ContractTermination","","Mon Sep 01 03:49:46 GMT 2025","passed","Mon Sep 01 03:49:46 GMT 2025","","org.eclipse.tractusx.edc.tests.policy.PolicyDefinitionEndToEndTest","org.eclipse.tractusx.edc.tests.policy.PolicyDefinitionEndToEndTest","shouldAcceptValidPolicyDefinitions"
"","43","Policy is accepted Exclusive Usage","","Mon Sep 01 03:49:46 GMT 2025","passed","Mon Sep 01 03:49:46 GMT 2025","","org.eclipse.tractusx.edc.tests.policy.PolicyDefinitionEndToEndTest","org.eclipse.tractusx.edc.tests.policy.PolicyDefinitionEndToEndTest","shouldAcceptValidPolicyDefinitions"
"","3","verifyAgentId_whenNoMembershipCredential_forDsp08(DataspaceProfileContextRegistry)","","Mon Sep 01 03:51:17 GMT 2025","passed","Mon Sep 01 03:51:17 GMT 2025","","org.eclipse.tractusx.edc.tests.transfer.IdentityExtractionTest","org.eclipse.tractusx.edc.tests.transfer.IdentityExtractionTest","verifyAgentId_whenNoMembershipCredential_forDsp08"
"","257","Verify that the consumer receives only the offers he is permitted to (using the new BPN validation)","","Mon Sep 01 03:50:14 GMT 2025","passed","Mon Sep 01 03:50:14 GMT 2025","","org.eclipse.tractusx.edc.tests.catalog.CatalogTest","org.eclipse.tractusx.edc.tests.catalog.CatalogTest","requestCatalog_filteredByBpn_shouldReject"
"","3267","Run TCK Presentation Flow tests","","Mon Sep 01 03:49:26 GMT 2025","passed","Mon Sep 01 03:49:29 GMT 2025","","org.eclipse.tractusx.edc.tests.tck.dcp.DcpPresentationFlowTest","org.eclipse.tractusx.edc.tests.tck.dcp.DcpPresentationFlowTest","runPresentationFlowTests"
"","67","Policy is accepted Affiliates Region","","Mon Sep 01 03:49:45 GMT 2025","passed","Mon Sep 01 03:49:45 GMT 2025","","org.eclipse.tractusx.edc.tests.policy.PolicyDefinitionEndToEndTest","org.eclipse.tractusx.edc.tests.policy.PolicyDefinitionEndToEndTest","shouldAcceptValidPolicyDefinitions"
"","72","5.4.3.6 Verifier should reject a credential that is not yet valid","","Mon Sep 01 03:49:28 GMT 2025","passed","Mon Sep 01 03:49:29 GMT 2025","","org.eclipse.dataspacetck.dcp.verification.presentation.verifier.PresentationFlowSection5Test","org.eclipse.dataspacetck.dcp.verification.presentation.verifier.PresentationFlowSection5Test","verifier_05_04_03_06_presentationResponse_notYetValidCredential"
"","12163","shouldTransferOneGbFile()","","Mon Sep 01 03:51:30 GMT 2025","passed","Mon Sep 01 03:51:42 GMT 2025","","org.eclipse.tractusx.edc.dataplane.transfer.test.S3ToS3Test","org.eclipse.tractusx.edc.dataplane.transfer.test.S3ToS3Test","shouldTransferOneGbFile"
"","14726","transferFile_largeFile(long, Vault) File size bytes: 1073741824","","Mon Sep 01 03:50:35 GMT 2025","passed","Mon Sep 01 03:50:50 GMT 2025","","org.eclipse.tractusx.edc.dataplane.transfer.test.AzureToAzureTest","org.eclipse.tractusx.edc.dataplane.transfer.test.AzureToAzureTest","transferFile_largeFile"
"","372","Provider gets 400 when empty asset selector is used","","Mon Sep 01 03:50:28 GMT 2025","passed","Mon Sep 01 03:50:29 GMT 2025","","org.eclipse.tractusx.edc.tests.validators.EmptyAssetSelectorValidatorTest","org.eclipse.tractusx.edc.tests.validators.EmptyAssetSelectorValidatorTest","shouldFail_whenContractDefinitionHasEmptyAssetSelector"
"","2993","transferData_successful_notReturnOriginalSourceResponseCode_withTerminate()","","Mon Sep 01 03:51:06 GMT 2025","passed","Mon Sep 01 03:51:09 GMT 2025","","org.eclipse.tractusx.edc.tests.transfer.TransferPullEndToEndTest.Dsp2025to2025","org.eclipse.tractusx.edc.tests.transfer.TransferPullEndToEndTest$Dsp2025to2025","transferData_successful_notReturnOriginalSourceResponseCode_withTerminate"
"","15847","Malicious actor should not impersonate a consumer by creating a VP with the consumer membership credential","","Mon Sep 01 03:50:03 GMT 2025","passed","Mon Sep 01 03:50:19 GMT 2025","","org.eclipse.tractusx.edc.tests.transfer.CredentialSpoofTest","org.eclipse.tractusx.edc.tests.transfer.CredentialSpoofTest","shouldNotImpersonateConsumer_withWrappedConsumerCredential"
"","5044","transferData_success_withProxyOriginalResponse()","","Mon Sep 01 03:52:09 GMT 2025","passed","Mon Sep 01 03:52:14 GMT 2025","","org.eclipse.tractusx.edc.tests.transfer.TransferPullEndToEndTest.Dsp08to08","org.eclipse.tractusx.edc.tests.transfer.TransferPullEndToEndTest$Dsp08to08","transferData_success_withProxyOriginalResponse"
"","8561","transferData_withAutomaticRefresh()","","Mon Sep 01 03:53:57 GMT 2025","passed","Mon Sep 01 03:54:06 GMT 2025","","org.eclipse.tractusx.edc.tests.transfer.TransferWithTokenRefreshTest","org.eclipse.tractusx.edc.tests.transfer.TransferWithTokenRefreshTest","transferData_withAutomaticRefresh"
"","4006","transferData_privateBackend_withConsumerDataPlane()","","Mon Sep 01 03:50:25 GMT 2025","passed","Mon Sep 01 03:50:29 GMT 2025","","org.eclipse.tractusx.edc.tests.transfer.TransferPullEndToEndTest.Dsp2025to2025","org.eclipse.tractusx.edc.tests.transfer.TransferPullEndToEndTest$Dsp2025to2025","transferData_privateBackend_withConsumerDataPlane"
"","14296","transferData_withTerminate()","","Mon Sep 01 03:50:38 GMT 2025","passed","Mon Sep 01 03:50:52 GMT 2025","","org.eclipse.tractusx.edc.tests.transfer.TransferPullEndToEndTest.Dsp2025to2025","org.eclipse.tractusx.edc.tests.transfer.TransferPullEndToEndTest$Dsp2025to2025","transferData_withTerminate"
"","3668","Contract policy is fulfilled MembershipCredential","","Mon Sep 01 03:50:58 GMT 2025","passed","Mon Sep 01 03:51:02 GMT 2025","","org.eclipse.tractusx.edc.tests.transfer.DimConsumerPullTest","org.eclipse.tractusx.edc.tests.transfer.DimConsumerPullTest","transferData_whenContractPolicyFulfilled"
"","7782","transferData_withSuspendResume()","","Mon Sep 01 03:52:14 GMT 2025","passed","Mon Sep 01 03:52:22 GMT 2025","","org.eclipse.tractusx.edc.tests.transfer.TransferPullEndToEndTest.Dsp08to08","org.eclipse.tractusx.edc.tests.transfer.TransferPullEndToEndTest$Dsp08to08","transferData_withSuspendResume"
"","15255","transferData_withTerminate()","","Mon Sep 01 03:51:49 GMT 2025","passed","Mon Sep 01 03:52:05 GMT 2025","","org.eclipse.tractusx.edc.tests.transfer.TransferPullEndToEndTest.Dsp08to08","org.eclipse.tractusx.edc.tests.transfer.TransferPullEndToEndTest$Dsp08to08","transferData_withTerminate"
"","37","Policy is accepted Warranty Definition","","Mon Sep 01 03:49:47 GMT 2025","passed","Mon Sep 01 03:49:47 GMT 2025","","org.eclipse.tractusx.edc.tests.policy.PolicyDefinitionEndToEndTest","org.eclipse.tractusx.edc.tests.policy.PolicyDefinitionEndToEndTest","shouldNotAcceptInvalidNamespacePolicyDefinitions"
"","40","5.4.2.3 Verifier should reject an empty 'presentation' array","","Mon Sep 01 03:49:29 GMT 2025","passed","Mon Sep 01 03:49:29 GMT 2025","","org.eclipse.dataspacetck.dcp.verification.presentation.verifier.PresentationFlowSection5Test","org.eclipse.dataspacetck.dcp.verification.presentation.verifier.PresentationFlowSection5Test","verifier_05_04_02_03_presentationResponse_emptyPresentations"
"","712","4.3.3 Verify invalid access token - nbf in future","","Mon Sep 01 03:49:27 GMT 2025","passed","Mon Sep 01 03:49:28 GMT 2025","","org.eclipse.dataspacetck.dcp.verification.presentation.verifier.PresentationFlowSection4Test","org.eclipse.dataspacetck.dcp.verification.presentation.verifier.PresentationFlowSection4Test","verifier_04_03_03_idTokenNbfInFuture"
"","75","Policy is accepted Precedence","","Mon Sep 01 03:49:45 GMT 2025","passed","Mon Sep 01 03:49:46 GMT 2025","","org.eclipse.tractusx.edc.tests.policy.PolicyDefinitionEndToEndTest","org.eclipse.tractusx.edc.tests.policy.PolicyDefinitionEndToEndTest","shouldAcceptValidPolicyDefinitions"
"","35","Policy is accepted Managed Legal Entity BPNL","","Mon Sep 01 03:49:47 GMT 2025","passed","Mon Sep 01 03:49:47 GMT 2025","","org.eclipse.tractusx.edc.tests.policy.PolicyDefinitionEndToEndTest","org.eclipse.tractusx.edc.tests.policy.PolicyDefinitionEndToEndTest","shouldNotAcceptInvalidNamespacePolicyDefinitions"
"","289","Expect the Catalog request to fail if a credential is revoked","","Mon Sep 01 03:51:43 GMT 2025","passed","Mon Sep 01 03:51:43 GMT 2025","","org.eclipse.tractusx.edc.tests.transfer.StsConsumerPullTest","org.eclipse.tractusx.edc.tests.transfer.StsConsumerPullTest","catalogRequest_whenCredentialRevoked"
"","49","4.3.3 Verify invalid access token - sub does not match DID document id","","Mon Sep 01 03:49:28 GMT 2025","passed","Mon Sep 01 03:49:28 GMT 2025","","org.eclipse.dataspacetck.dcp.verification.presentation.verifier.PresentationFlowSection4Test","org.eclipse.dataspacetck.dcp.verification.presentation.verifier.PresentationFlowSection4Test","verifier_04_03_03_idTokenIncorrectSub"
"","45","4.3.3 Verify invalid access token - incorrect aud","","Mon Sep 01 03:49:28 GMT 2025","passed","Mon Sep 01 03:49:28 GMT 2025","","org.eclipse.dataspacetck.dcp.verification.presentation.verifier.PresentationFlowSection4Test","org.eclipse.dataspacetck.dcp.verification.presentation.verifier.PresentationFlowSection4Test","verifier_04_03_03_idTokenIncorrectAud"
"","43","4.3.1 Verifier should reject an ID token that does not contain an access token","","Mon Sep 01 03:49:28 GMT 2025","passed","Mon Sep 01 03:49:28 GMT 2025","","org.eclipse.dataspacetck.dcp.verification.presentation.verifier.PresentationFlowSection4Test","org.eclipse.dataspacetck.dcp.verification.presentation.verifier.PresentationFlowSection4Test","verifier_04_03_01_presentationResponse_idTokenNoTokenClaim"
"","3506","transferData_failing_withProxyOriginalResponse_withoutSourceResponseBody()","","Mon Sep 01 03:50:52 GMT 2025","passed","Mon Sep 01 03:50:56 GMT 2025","","org.eclipse.tractusx.edc.tests.transfer.TransferPullEndToEndTest.Dsp2025to2025","org.eclipse.tractusx.edc.tests.transfer.TransferPullEndToEndTest$Dsp2025to2025","transferData_failing_withProxyOriginalResponse_withoutSourceResponseBody"
"","8052","transferData_withExpiredEdr_shouldReturn4xx()","","Mon Sep 01 03:54:06 GMT 2025","passed","Mon Sep 01 03:54:14 GMT 2025","","org.eclipse.tractusx.edc.tests.transfer.TransferWithTokenRefreshTest","org.eclipse.tractusx.edc.tests.transfer.TransferWithTokenRefreshTest","transferData_withExpiredEdr_shouldReturn4xx"
"","52","Policy is accepted Warranty","","Mon Sep 01 03:49:47 GMT 2025","passed","Mon Sep 01 03:49:47 GMT 2025","","org.eclipse.tractusx.edc.tests.policy.PolicyDefinitionEndToEndTest","org.eclipse.tractusx.edc.tests.policy.PolicyDefinitionEndToEndTest","shouldNotAcceptInvalidNamespacePolicyDefinitions"
"","149","5.4.3.6 Verifier should reject Presentations where at least 1 credential is revoked/suspended","","Mon Sep 01 03:49:28 GMT 2025","passed","Mon Sep 01 03:49:28 GMT 2025","","org.eclipse.dataspacetck.dcp.verification.presentation.verifier.PresentationFlowSection5Test","org.eclipse.dataspacetck.dcp.verification.presentation.verifier.PresentationFlowSection5Test","verifier_05_04_03_06_presentationResponse_credentialRevoked"
"","3026","transferData_failing_withProxyOriginalResponse()","","Mon Sep 01 03:50:35 GMT 2025","passed","Mon Sep 01 03:50:38 GMT 2025","","org.eclipse.tractusx.edc.tests.transfer.TransferPullEndToEndTest.Dsp2025to2025","org.eclipse.tractusx.edc.tests.transfer.TransferPullEndToEndTest$Dsp2025to2025","transferData_failing_withProxyOriginalResponse"
"","60","Verifier should resolve the DID from the prover's ID token","","Mon Sep 01 03:49:29 GMT 2025","passed","Mon Sep 01 03:49:29 GMT 2025","","org.eclipse.dataspacetck.dcp.verification.presentation.verifier.PresentationFlowSection5Test","org.eclipse.dataspacetck.dcp.verification.presentation.verifier.PresentationFlowSection5Test","presentationResponse_endpointDiscovery"
"","26","Policy is accepted Managed Legal Entity Region","","Mon Sep 01 03:49:47 GMT 2025","passed","Mon Sep 01 03:49:47 GMT 2025","","org.eclipse.tractusx.edc.tests.policy.PolicyDefinitionEndToEndTest","org.eclipse.tractusx.edc.tests.policy.PolicyDefinitionEndToEndTest","shouldNotAcceptInvalidNamespacePolicyDefinitions"
"","40","Policy is accepted Empty Policy","","Mon Sep 01 03:49:46 GMT 2025","passed","Mon Sep 01 03:49:46 GMT 2025","","org.eclipse.tractusx.edc.tests.policy.PolicyDefinitionEndToEndTest","org.eclipse.tractusx.edc.tests.policy.PolicyDefinitionEndToEndTest","shouldAcceptValidPolicyDefinitions"
"","6550","httpPushDataTransfer()","","Mon Sep 01 03:53:20 GMT 2025","passed","Mon Sep 01 03:53:27 GMT 2025","","org.eclipse.tractusx.edc.tests.transfer.TransferPushEndToEndTest.Dsp08to08","org.eclipse.tractusx.edc.tests.transfer.TransferPushEndToEndTest$Dsp08to08","httpPushDataTransfer"
"","179","Expect the Catalog request to fail if a credential is expired","","Mon Sep 01 03:50:58 GMT 2025","passed","Mon Sep 01 03:50:58 GMT 2025","","org.eclipse.tractusx.edc.tests.transfer.DimConsumerPullTest","org.eclipse.tractusx.edc.tests.transfer.DimConsumerPullTest","catalogRequest_whenCredentialExpired"
"","2718","Verify that the consumer receives only the offers he is permitted to (using the legacy BPN validation)","","Mon Sep 01 03:49:32 GMT 2025","passed","Mon Sep 01 03:49:34 GMT 2025","","org.eclipse.tractusx.edc.tests.catalog.CatalogTest","org.eclipse.tractusx.edc.tests.catalog.CatalogTest","requestCatalog_filteredByBpnLegacy_WithNamespace_shouldReject"
"","4882","The authentication token misses required claims: token","","Mon Sep 01 03:49:09 GMT 2025","passed","Mon Sep 01 03:49:14 GMT 2025","","org.eclipse.tractusx.edc.dataplane.tokenrefresh.e2e.DataPlaneTokenRefreshEndToEndTest","org.eclipse.tractusx.edc.dataplane.tokenrefresh.e2e.DataPlaneTokenRefreshEndToEndTest","refresh_invalidAuthenticationToken_missingAccessToken"
"","50","Provider gets 400 when no asset selector is used","","Mon Sep 01 03:50:29 GMT 2025","passed","Mon Sep 01 03:50:29 GMT 2025","","org.eclipse.tractusx.edc.tests.validators.EmptyAssetSelectorValidatorTest","org.eclipse.tractusx.edc.tests.validators.EmptyAssetSelectorValidatorTest","shouldFail_whenContractDefinitionHasNoAssetSelector"
"","1","verifyAgentId_whenNoMembershipCredential_forDsp2025(DataspaceProfileContextRegistry)","","Mon Sep 01 03:51:17 GMT 2025","passed","Mon Sep 01 03:51:17 GMT 2025","","org.eclipse.tractusx.edc.tests.transfer.IdentityExtractionTest","org.eclipse.tractusx.edc.tests.transfer.IdentityExtractionTest","verifyAgentId_whenNoMembershipCredential_forDsp2025"
"","27","Policy is not accepted Access Policy with prohibition rule","","Mon Sep 01 03:49:46 GMT 2025","passed","Mon Sep 01 03:49:46 GMT 2025","","org.eclipse.tractusx.edc.tests.policy.PolicyDefinitionEndToEndTest","org.eclipse.tractusx.edc.tests.policy.PolicyDefinitionEndToEndTest","shouldNotAcceptInvalidPolicyDefinitions"
"","23","Policy is accepted Exclusive Usage","","Mon Sep 01 03:49:47 GMT 2025","passed","Mon Sep 01 03:49:47 GMT 2025","","org.eclipse.tractusx.edc.tests.policy.PolicyDefinitionEndToEndTest","org.eclipse.tractusx.edc.tests.policy.PolicyDefinitionEndToEndTest","shouldNotAcceptInvalidNamespacePolicyDefinitions"
"","159","Expect the Catalog request to fail if a credential is expired","","Mon Sep 01 03:51:43 GMT 2025","passed","Mon Sep 01 03:51:43 GMT 2025","","org.eclipse.tractusx.edc.tests.transfer.StsConsumerPullTest","org.eclipse.tractusx.edc.tests.transfer.StsConsumerPullTest","catalogRequest_whenCredentialExpired"
"","463","refreshEdr()","","Mon Sep 01 03:50:37 GMT 2025","passed","Mon Sep 01 03:50:38 GMT 2025","","org.eclipse.tractusx.edc.tests.edrv2.EdrCacheApiEndToEndTest","org.eclipse.tractusx.edc.tests.edrv2.EdrCacheApiEndToEndTest","refreshEdr"
"","2054","transferFile_s3ToAzureMultipleFiles(Vault)","","Mon Sep 01 03:51:18 GMT 2025","passed","Mon Sep 01 03:51:20 GMT 2025","","org.eclipse.tractusx.edc.dataplane.transfer.test.MultiCloudTest","org.eclipse.tractusx.edc.dataplane.transfer.test.MultiCloudTest","transferFile_s3ToAzureMultipleFiles"
"","639","triggerDataTransfer_shouldFail_whenDataFlowIsNotPushFlowType()","","Mon Sep 01 03:49:29 GMT 2025","passed","Mon Sep 01 03:49:29 GMT 2025","","org.eclipse.tractusx.edc.tests.transfer.DataFlowApiEndToEndTest","org.eclipse.tractusx.edc.tests.transfer.DataFlowApiEndToEndTest","triggerDataTransfer_shouldFail_whenDataFlowIsNotPushFlowType"
"","79","5.4.3 Verifier should reject Presentations where the holder does not match the credentialSubject.id","","Mon Sep 01 03:49:29 GMT 2025","passed","Mon Sep 01 03:49:29 GMT 2025","","org.eclipse.dataspacetck.dcp.verification.presentation.verifier.PresentationFlowSection5Test","org.eclipse.dataspacetck.dcp.verification.presentation.verifier.PresentationFlowSection5Test","verifier_05_04_03_presentationResponse_holderNotEqualSubjectId"
"","4086","transferData_success_withProxyOriginalResponse()","","Mon Sep 01 03:50:56 GMT 2025","passed","Mon Sep 01 03:51:00 GMT 2025","","org.eclipse.tractusx.edc.tests.transfer.TransferPullEndToEndTest.Dsp2025to2025","org.eclipse.tractusx.edc.tests.transfer.TransferPullEndToEndTest$Dsp2025to2025","transferData_success_withProxyOriginalResponse"
"","4578","Verify that the callbacks are invoked when negotiating an EDR","","Mon Sep 01 03:51:05 GMT 2025","passed","Mon Sep 01 03:51:10 GMT 2025","","org.eclipse.tractusx.edc.tests.edrv2.NegotiateEdrTest","org.eclipse.tractusx.edc.tests.edrv2.NegotiateEdrTest","negotiateEdr_shouldInvokeCallbacks"
"","7237","azureBlobPush_containerNotExist()","","Mon Sep 01 03:50:03 GMT 2025","passed","Mon Sep 01 03:50:10 GMT 2025","","org.eclipse.tractusx.edc.tests.transfer.AzureToAzureEndToEndTest","org.eclipse.tractusx.edc.tests.transfer.AzureToAzureEndToEndTest","azureBlobPush_containerNotExist"
"","1376","The Authorization header is empty","","Mon Sep 01 03:49:17 GMT 2025","passed","Mon Sep 01 03:49:18 GMT 2025","","org.eclipse.tractusx.edc.dataplane.tokenrefresh.e2e.DataPlaneTokenRefreshEndToEndTest","org.eclipse.tractusx.edc.dataplane.tokenrefresh.e2e.DataPlaneTokenRefreshEndToEndTest","refresh_emptyAuthHeader"
"","18962","transferFile_largeFile(long, Vault) File size bytes: 536870912","","Mon Sep 01 03:50:16 GMT 2025","passed","Mon Sep 01 03:50:35 GMT 2025","","org.eclipse.tractusx.edc.dataplane.transfer.test.AzureToAzureTest","org.eclipse.tractusx.edc.dataplane.transfer.test.AzureToAzureTest","transferFile_largeFile"
"","60","Policy is accepted Affiliates Region (IS_ANY_OF, one element)","","Mon Sep 01 03:49:45 GMT 2025","passed","Mon Sep 01 03:49:45 GMT 2025","","org.eclipse.tractusx.edc.tests.policy.PolicyDefinitionEndToEndTest","org.eclipse.tractusx.edc.tests.policy.PolicyDefinitionEndToEndTest","shouldAcceptValidPolicyDefinitions"
"","120","Policy is not accepted Usage policy with empty permission","","Mon Sep 01 03:49:46 GMT 2025","passed","Mon Sep 01 03:49:46 GMT 2025","","org.eclipse.tractusx.edc.tests.policy.PolicyDefinitionEndToEndTest","org.eclipse.tractusx.edc.tests.policy.PolicyDefinitionEndToEndTest","shouldNotAcceptInvalidPolicyDefinitions"
"","7196","transferFile_success()","","Mon Sep 01 03:51:10 GMT 2025","passed","Mon Sep 01 03:51:17 GMT 2025","","org.eclipse.tractusx.edc.tests.transfer.S3ToS3EndToEndTest","org.eclipse.tractusx.edc.tests.transfer.S3ToS3EndToEndTest","transferFile_success"
"","52","Policy is accepted Warranty Duration Months","","Mon Sep 01 03:49:46 GMT 2025","passed","Mon Sep 01 03:49:46 GMT 2025","","org.eclipse.tractusx.edc.tests.policy.PolicyDefinitionEndToEndTest","org.eclipse.tractusx.edc.tests.policy.PolicyDefinitionEndToEndTest","shouldAcceptValidPolicyDefinitions"
"","2263","Refresh token success","","Mon Sep 01 03:49:26 GMT 2025","passed","Mon Sep 01 03:49:28 GMT 2025","","org.eclipse.tractusx.edc.dataplane.tokenrefresh.e2e.DataPlaneTokenRefreshEndToEndTest","org.eclipse.tractusx.edc.dataplane.tokenrefresh.e2e.DataPlaneTokenRefreshEndToEndTest","refresh_success"
"","42","5.4.2.1 Verifier should reject a presentation response message that contains a different credential than requested","","Mon Sep 01 03:49:29 GMT 2025","passed","Mon Sep 01 03:49:29 GMT 2025","","org.eclipse.dataspacetck.dcp.verification.presentation.verifier.PresentationFlowSection5Test","org.eclipse.dataspacetck.dcp.verification.presentation.verifier.PresentationFlowSection5Test","verifier_05_04_02_01_presentationResponse_tooFewCredentials"
"","30","Policy is accepted Confidential Information Measures","","Mon Sep 01 03:49:47 GMT 2025","passed","Mon Sep 01 03:49:47 GMT 2025","","org.eclipse.tractusx.edc.tests.policy.PolicyDefinitionEndToEndTest","org.eclipse.tractusx.edc.tests.policy.PolicyDefinitionEndToEndTest","shouldNotAcceptInvalidNamespacePolicyDefinitions"
"","2058","transferFile_success(Vault)","","Mon Sep 01 03:50:52 GMT 2025","passed","Mon Sep 01 03:50:54 GMT 2025","","org.eclipse.tractusx.edc.dataplane.transfer.test.AzureToAzureTest","org.eclipse.tractusx.edc.dataplane.transfer.test.AzureToAzureTest","transferFile_success"
"","537","retireAgreement_shouldFail_whenAgreementDoesNotExist()","","Mon Sep 01 03:49:51 GMT 2025","passed","Mon Sep 01 03:49:51 GMT 2025","","org.eclipse.tractusx.edc.tests.transfer.RetireAgreementTest","org.eclipse.tractusx.edc.tests.transfer.RetireAgreementTest","retireAgreement_shouldFail_whenAgreementDoesNotExist"
"","26","Policy is not accepted Policy with mutually exclusive constraints","","Mon Sep 01 03:49:47 GMT 2025","passed","Mon Sep 01 03:49:47 GMT 2025","","org.eclipse.tractusx.edc.tests.policy.PolicyDefinitionEndToEndTest","org.eclipse.tractusx.edc.tests.policy.PolicyDefinitionEndToEndTest","shouldNotAcceptInvalidPolicyDefinitions"
"","1870","Policy is accepted MembershipCredential","","Mon Sep 01 03:49:43 GMT 2025","passed","Mon Sep 01 03:49:45 GMT 2025","","org.eclipse.tractusx.edc.tests.policy.PolicyDefinitionEndToEndTest","org.eclipse.tractusx.edc.tests.policy.PolicyDefinitionEndToEndTest","shouldAcceptValidPolicyDefinitions"
"","67","BusinessPartnerDeleted event is published","","Mon Sep 01 03:49:34 GMT 2025","passed","Mon Sep 01 03:49:34 GMT 2025","","org.eclipse.tractusx.edc.tests.bpn.events.BusinessPartnerEventTest","org.eclipse.tractusx.edc.tests.bpn.events.BusinessPartnerEventTest","shouldPublishBusinessPartnerDeletedEvent"
"","2043","transferFile_azureToS3(Vault)","","Mon Sep 01 03:51:15 GMT 2025","passed","Mon Sep 01 03:51:18 GMT 2025","","org.eclipse.tractusx.edc.dataplane.transfer.test.MultiCloudTest","org.eclipse.tractusx.edc.dataplane.transfer.test.MultiCloudTest","transferFile_azureToS3"
"","29","Policy is accepted Data Usage End Date Definition","","Mon Sep 01 03:49:47 GMT 2025","passed","Mon Sep 01 03:49:47 GMT 2025","","org.eclipse.tractusx.edc.tests.policy.PolicyDefinitionEndToEndTest","org.eclipse.tractusx.edc.tests.policy.PolicyDefinitionEndToEndTest","shouldNotAcceptInvalidNamespacePolicyDefinitions"
"","3089","Contract policy is fulfilled DataExchangeGovernance use case","","Mon Sep 01 03:51:02 GMT 2025","passed","Mon Sep 01 03:51:05 GMT 2025","","org.eclipse.tractusx.edc.tests.transfer.DimConsumerPullTest","org.eclipse.tractusx.edc.tests.transfer.DimConsumerPullTest","transferData_whenContractPolicyFulfilled"
"","44","Policy is accepted Usage Purpose","","Mon Sep 01 03:49:46 GMT 2025","passed","Mon Sep 01 03:49:46 GMT 2025","","org.eclipse.tractusx.edc.tests.policy.PolicyDefinitionEndToEndTest","org.eclipse.tractusx.edc.tests.policy.PolicyDefinitionEndToEndTest","shouldAcceptValidPolicyDefinitions"
"","46","Policy is accepted Jurisdiction Location Reference","","Mon Sep 01 03:49:45 GMT 2025","passed","Mon Sep 01 03:49:45 GMT 2025","","org.eclipse.tractusx.edc.tests.policy.PolicyDefinitionEndToEndTest","org.eclipse.tractusx.edc.tests.policy.PolicyDefinitionEndToEndTest","shouldAcceptValidPolicyDefinitions"
"","2","verifyCorrectParticipantAgentId_forDsp2025(DataspaceProfileContextRegistry)","","Mon Sep 01 03:51:17 GMT 2025","passed","Mon Sep 01 03:51:17 GMT 2025","","org.eclipse.tractusx.edc.tests.transfer.IdentityExtractionTest","org.eclipse.tractusx.edc.tests.transfer.IdentityExtractionTest","verifyCorrectParticipantAgentId_forDsp2025"
"","80","Policy is accepted Managed Legal Entity Region","","Mon Sep 01 03:49:45 GMT 2025","passed","Mon Sep 01 03:49:45 GMT 2025","","org.eclipse.tractusx.edc.tests.policy.PolicyDefinitionEndToEndTest","org.eclipse.tractusx.edc.tests.policy.PolicyDefinitionEndToEndTest","shouldAcceptValidPolicyDefinitions"
"","168","Verify the refresh endpoint is not called when token not yet expired","","Mon Sep 01 03:50:38 GMT 2025","passed","Mon Sep 01 03:50:38 GMT 2025","","org.eclipse.tractusx.edc.tests.edrv2.EdrCacheApiEndToEndTest","org.eclipse.tractusx.edc.tests.edrv2.EdrCacheApiEndToEndTest","getEdrWithRefresh_notExpired_shouldNotCallEndpoint"
"","7238","Verify all existing TPs related to an agreement are terminated upon its retirement","","Mon Sep 01 03:49:51 GMT 2025","passed","Mon Sep 01 03:49:59 GMT 2025","","org.eclipse.tractusx.edc.tests.transfer.RetireAgreementTest","org.eclipse.tractusx.edc.tests.transfer.RetireAgreementTest","retireAgreement_shouldCloseTransferProcesses"
"","157","refreshEdr_whenNotAuthorized()","","Mon Sep 01 03:50:45 GMT 2025","passed","Mon Sep 01 03:50:45 GMT 2025","","org.eclipse.tractusx.edc.tests.edrv2.EdrCacheApiEndToEndTest","org.eclipse.tractusx.edc.tests.edrv2.EdrCacheApiEndToEndTest","refreshEdr_whenNotAuthorized"
"","1303","The authentication token has a invalid id","","Mon Sep 01 03:49:21 GMT 2025","passed","Mon Sep 01 03:49:22 GMT 2025","","org.eclipse.tractusx.edc.dataplane.tokenrefresh.e2e.DataPlaneTokenRefreshEndToEndTest","org.eclipse.tractusx.edc.dataplane.tokenrefresh.e2e.DataPlaneTokenRefreshEndToEndTest","refresh_invalidTokenId"
"","3995","transferData_failing_withProxyOriginalResponse()","","Mon Sep 01 03:51:45 GMT 2025","passed","Mon Sep 01 03:51:49 GMT 2025","","org.eclipse.tractusx.edc.tests.transfer.TransferPullEndToEndTest.Dsp08to08","org.eclipse.tractusx.edc.tests.transfer.TransferPullEndToEndTest$Dsp08to08","transferData_failing_withProxyOriginalResponse"
"","51","4.3.3 Verify invalid access token - auth token bound to a different iss/sub","","Mon Sep 01 03:49:28 GMT 2025","passed","Mon Sep 01 03:49:28 GMT 2025","","org.eclipse.dataspacetck.dcp.verification.presentation.verifier.PresentationFlowSection4Test","org.eclipse.dataspacetck.dcp.verification.presentation.verifier.PresentationFlowSection4Test","verifier_04_03_03_idTokenInvalidIssuerSub"
"","90","X.X Verifier should reject Presentations where at least 1 credential schema is violated","","Mon Sep 01 03:49:28 GMT 2025","passed","Mon Sep 01 03:49:28 GMT 2025","","org.eclipse.dataspacetck.dcp.verification.presentation.verifier.PresentationFlowSection5Test","org.eclipse.dataspacetck.dcp.verification.presentation.verifier.PresentationFlowSection5Test","verifier_x_x_presentationResponse_invalidCredentialSchema"
"","37","Policy is accepted Precedence","","Mon Sep 01 03:49:47 GMT 2025","passed","Mon Sep 01 03:49:47 GMT 2025","","org.eclipse.tractusx.edc.tests.policy.PolicyDefinitionEndToEndTest","org.eclipse.tractusx.edc.tests.policy.PolicyDefinitionEndToEndTest","shouldNotAcceptInvalidNamespacePolicyDefinitions"
"","1293","The refresh token does not match the stored one","","Mon Sep 01 03:49:22 GMT 2025","passed","Mon Sep 01 03:49:24 GMT 2025","","org.eclipse.tractusx.edc.dataplane.tokenrefresh.e2e.DataPlaneTokenRefreshEndToEndTest","org.eclipse.tractusx.edc.dataplane.tokenrefresh.e2e.DataPlaneTokenRefreshEndToEndTest","refresh_withWrongRefreshToken"
"","79","5.1 Verifier should accept a valid PresentationResponseMessage","","Mon Sep 01 03:49:29 GMT 2025","passed","Mon Sep 01 03:49:29 GMT 2025","","org.eclipse.dataspacetck.dcp.verification.presentation.verifier.PresentationFlowSection5Test","org.eclipse.dataspacetck.dcp.verification.presentation.verifier.PresentationFlowSection5Test","verifier_05_01_presentationResponse_success"
"","2049","transferMultipleFiles()","","Mon Sep 01 03:51:42 GMT 2025","passed","Mon Sep 01 03:51:44 GMT 2025","","org.eclipse.tractusx.edc.dataplane.transfer.test.S3ToS3Test","org.eclipse.tractusx.edc.dataplane.transfer.test.S3ToS3Test","transferMultipleFiles"
"","10879","httpPushNonFiniteDataTransfer()","","Mon Sep 01 03:53:27 GMT 2025","passed","Mon Sep 01 03:53:38 GMT 2025","","org.eclipse.tractusx.edc.tests.transfer.TransferPushEndToEndTest.Dsp08to08","org.eclipse.tractusx.edc.tests.transfer.TransferPushEndToEndTest$Dsp08to08","httpPushNonFiniteDataTransfer"
"","25","Policy is accepted ContractTermination","","Mon Sep 01 03:49:47 GMT 2025","passed","Mon Sep 01 03:49:47 GMT 2025","","org.eclipse.tractusx.edc.tests.policy.PolicyDefinitionEndToEndTest","org.eclipse.tractusx.edc.tests.policy.PolicyDefinitionEndToEndTest","shouldNotAcceptInvalidNamespacePolicyDefinitions"
"","49","Policy is accepted Version Changes","","Mon Sep 01 03:49:46 GMT 2025","passed","Mon Sep 01 03:49:46 GMT 2025","","org.eclipse.tractusx.edc.tests.policy.PolicyDefinitionEndToEndTest","org.eclipse.tractusx.edc.tests.policy.PolicyDefinitionEndToEndTest","shouldAcceptValidPolicyDefinitions"
"","54","Policy is accepted Data Usage End Date Definition","","Mon Sep 01 03:49:45 GMT 2025","passed","Mon Sep 01 03:49:45 GMT 2025","","org.eclipse.tractusx.edc.tests.policy.PolicyDefinitionEndToEndTest","org.eclipse.tractusx.edc.tests.policy.PolicyDefinitionEndToEndTest","shouldAcceptValidPolicyDefinitions"
"","10795","httpPushNonFiniteDataTransfer()","","Mon Sep 01 03:52:52 GMT 2025","passed","Mon Sep 01 03:53:02 GMT 2025","","org.eclipse.tractusx.edc.tests.transfer.TransferPushEndToEndTest.Dsp2025to2025","org.eclipse.tractusx.edc.tests.transfer.TransferPushEndToEndTest$Dsp2025to2025","httpPushNonFiniteDataTransfer"
"","30","Policy is accepted MembershipCredential","","Mon Sep 01 03:49:47 GMT 2025","passed","Mon Sep 01 03:49:47 GMT 2025","","org.eclipse.tractusx.edc.tests.policy.PolicyDefinitionEndToEndTest","org.eclipse.tractusx.edc.tests.policy.PolicyDefinitionEndToEndTest","shouldNotAcceptInvalidNamespacePolicyDefinitions"
"","327","Consumer gets catalog from the provider. No constraints.","","Mon Sep 01 03:49:34 GMT 2025","passed","Mon Sep 01 03:49:35 GMT 2025","","org.eclipse.tractusx.edc.tests.catalog.CatalogTest","org.eclipse.tractusx.edc.tests.catalog.CatalogTest","requestCatalog_fulfillsPolicy_shouldReturnOffer"
"","1292","Refresh token is null or empty (missing) [2] ","","Mon Sep 01 03:49:20 GMT 2025","passed","Mon Sep 01 03:49:21 GMT 2025","","org.eclipse.tractusx.edc.dataplane.tokenrefresh.e2e.DataPlaneTokenRefreshEndToEndTest","org.eclipse.tractusx.edc.dataplane.tokenrefresh.e2e.DataPlaneTokenRefreshEndToEndTest","refresh_invalidRefreshToken"
"","2468","The Authorization header is missing","","Mon Sep 01 03:49:14 GMT 2025","passed","Mon Sep 01 03:49:17 GMT 2025","","org.eclipse.tractusx.edc.dataplane.tokenrefresh.e2e.DataPlaneTokenRefreshEndToEndTest","org.eclipse.tractusx.edc.dataplane.tokenrefresh.e2e.DataPlaneTokenRefreshEndToEndTest","refresh_missingAuthHeader"
"","2076","transferMultipleFile_success(Vault)","","Mon Sep 01 03:50:50 GMT 2025","passed","Mon Sep 01 03:50:52 GMT 2025","","org.eclipse.tractusx.edc.dataplane.transfer.test.AzureToAzureTest","org.eclipse.tractusx.edc.dataplane.transfer.test.AzureToAzureTest","transferMultipleFile_success"
"","199","Multiple ContractDefinitions exist for one Asset","","Mon Sep 01 03:50:14 GMT 2025","passed","Mon Sep 01 03:50:14 GMT 2025","","org.eclipse.tractusx.edc.tests.catalog.CatalogTest","org.eclipse.tractusx.edc.tests.catalog.CatalogTest","requestCatalog_multipleOffersForAsset"
"","3061","Contract policy is fulfilled DataExchangeGovernance use case","","Mon Sep 01 03:51:47 GMT 2025","passed","Mon Sep 01 03:51:50 GMT 2025","","org.eclipse.tractusx.edc.tests.transfer.StsConsumerPullTest","org.eclipse.tractusx.edc.tests.transfer.StsConsumerPullTest","transferData_whenContractPolicyFulfilled"
"","3534","Contract policy is fulfilled MembershipCredential","","Mon Sep 01 03:51:43 GMT 2025","passed","Mon Sep 01 03:51:47 GMT 2025","","org.eclipse.tractusx.edc.tests.transfer.StsConsumerPullTest","org.eclipse.tractusx.edc.tests.transfer.StsConsumerPullTest","transferData_whenContractPolicyFulfilled"
"","12927","shouldTerminateTransfer_whenPolicyExpires()","","Mon Sep 01 03:50:10 GMT 2025","passed","Mon Sep 01 03:50:23 GMT 2025","","org.eclipse.tractusx.edc.tests.policy.PolicyMonitorEndToEndTest","org.eclipse.tractusx.edc.tests.policy.PolicyMonitorEndToEndTest","shouldTerminateTransfer_whenPolicyExpires"
"","32","Policy is accepted Affiliates BPNL","","Mon Sep 01 03:49:47 GMT 2025","passed","Mon Sep 01 03:49:47 GMT 2025","","org.eclipse.tractusx.edc.tests.policy.PolicyDefinitionEndToEndTest","org.eclipse.tractusx.edc.tests.policy.PolicyDefinitionEndToEndTest","shouldNotAcceptInvalidNamespacePolicyDefinitions"
"","46","Policy is accepted Data Usage End Date","","Mon Sep 01 03:49:45 GMT 2025","passed","Mon Sep 01 03:49:45 GMT 2025","","org.eclipse.tractusx.edc.tests.policy.PolicyDefinitionEndToEndTest","org.eclipse.tractusx.edc.tests.policy.PolicyDefinitionEndToEndTest","shouldAcceptValidPolicyDefinitions"
"","29","Policy is not accepted Policy with unknown actions types","","Mon Sep 01 03:49:46 GMT 2025","passed","Mon Sep 01 03:49:46 GMT 2025","","org.eclipse.tractusx.edc.tests.policy.PolicyDefinitionEndToEndTest","org.eclipse.tractusx.edc.tests.policy.PolicyDefinitionEndToEndTest","shouldNotAcceptInvalidPolicyDefinitions"
"","38977","Catalog with 1000 offers","","Mon Sep 01 03:49:35 GMT 2025","passed","Mon Sep 01 03:50:14 GMT 2025","","org.eclipse.tractusx.edc.tests.catalog.CatalogTest","org.eclipse.tractusx.edc.tests.catalog.CatalogTest","requestCatalog_of1000Assets_shouldContainAll"
"","25","Policy is accepted Liability","","Mon Sep 01 03:49:47 GMT 2025","passed","Mon Sep 01 03:49:47 GMT 2025","","org.eclipse.tractusx.edc.tests.policy.PolicyDefinitionEndToEndTest","org.eclipse.tractusx.edc.tests.policy.PolicyDefinitionEndToEndTest","shouldNotAcceptInvalidNamespacePolicyDefinitions"
"","2073","transferFolder_targetFolderNotExists_shouldCreate(Vault)","","Mon Sep 01 03:50:54 GMT 2025","passed","Mon Sep 01 03:50:56 GMT 2025","","org.eclipse.tractusx.edc.dataplane.transfer.test.AzureToAzureTest","org.eclipse.tractusx.edc.dataplane.transfer.test.AzureToAzureTest","transferFolder_targetFolderNotExists_shouldCreate"
"","3006","transferData_privateBackend_withConsumerDataPlane()","","Mon Sep 01 03:51:40 GMT 2025","passed","Mon Sep 01 03:51:43 GMT 2025","","org.eclipse.tractusx.edc.tests.transfer.StsConsumerPullTest","org.eclipse.tractusx.edc.tests.transfer.StsConsumerPullTest","transferData_privateBackend_withConsumerDataPlane"
"","27","Policy is not accepted Usage policy prohibition with not allowed constraints","","Mon Sep 01 03:49:46 GMT 2025","passed","Mon Sep 01 03:49:46 GMT 2025","","org.eclipse.tractusx.edc.tests.policy.PolicyDefinitionEndToEndTest","org.eclipse.tractusx.edc.tests.policy.PolicyDefinitionEndToEndTest","shouldNotAcceptInvalidPolicyDefinitions"
"","2243","Verify the refresh endpoint is not called when auto_refresh=false","","Mon Sep 01 03:50:35 GMT 2025","passed","Mon Sep 01 03:50:37 GMT 2025","","org.eclipse.tractusx.edc.tests.edrv2.EdrCacheApiEndToEndTest","org.eclipse.tractusx.edc.tests.edrv2.EdrCacheApiEndToEndTest","getEdrWithRefresh_whenNotAutorefresh_shouldNotCallEndpoint"
"","164","triggerDataTransfer_shouldFail_whenDataFlowIsNotInStartedState()","","Mon Sep 01 03:49:29 GMT 2025","passed","Mon Sep 01 03:49:30 GMT 2025","","org.eclipse.tractusx.edc.tests.transfer.DataFlowApiEndToEndTest","org.eclipse.tractusx.edc.tests.transfer.DataFlowApiEndToEndTest","triggerDataTransfer_shouldFail_whenDataFlowIsNotInStartedState"
"","33","Policy is accepted Warranty Duration Months","","Mon Sep 01 03:49:47 GMT 2025","passed","Mon Sep 01 03:49:47 GMT 2025","","org.eclipse.tractusx.edc.tests.policy.PolicyDefinitionEndToEndTest","org.eclipse.tractusx.edc.tests.policy.PolicyDefinitionEndToEndTest","shouldNotAcceptInvalidNamespacePolicyDefinitions"
"","42","Policy is accepted Jurisdiction Location","","Mon Sep 01 03:49:47 GMT 2025","passed","Mon Sep 01 03:49:47 GMT 2025","","org.eclipse.tractusx.edc.tests.policy.PolicyDefinitionEndToEndTest","org.eclipse.tractusx.edc.tests.policy.PolicyDefinitionEndToEndTest","shouldNotAcceptInvalidNamespacePolicyDefinitions"
"","5381","When multiple requests to refresh, to different edrs, verify all return non expired token","","Mon Sep 01 03:50:39 GMT 2025","passed","Mon Sep 01 03:50:44 GMT 2025","","org.eclipse.tractusx.edc.tests.edrv2.EdrCacheApiEndToEndTest","org.eclipse.tractusx.edc.tests.edrv2.EdrCacheApiEndToEndTest","getEdrWithRefresh_subsequentRequestReturn"
"","29","Policy is not accepted Access policy permission with not allowed constraints","","Mon Sep 01 03:49:46 GMT 2025","passed","Mon Sep 01 03:49:46 GMT 2025","","org.eclipse.tractusx.edc.tests.policy.PolicyDefinitionEndToEndTest","org.eclipse.tractusx.edc.tests.policy.PolicyDefinitionEndToEndTest","shouldNotAcceptInvalidPolicyDefinitions"
"","1043","shouldFail_whenDestinationBucketDoesNotExist()","","Mon Sep 01 03:51:29 GMT 2025","passed","Mon Sep 01 03:51:30 GMT 2025","","org.eclipse.tractusx.edc.dataplane.transfer.test.S3ToS3Test","org.eclipse.tractusx.edc.dataplane.transfer.test.S3ToS3Test","shouldFail_whenDestinationBucketDoesNotExist"
"","49","Policy is accepted Confidential Information Sharing","","Mon Sep 01 03:49:46 GMT 2025","passed","Mon Sep 01 03:49:46 GMT 2025","","org.eclipse.tractusx.edc.tests.policy.PolicyDefinitionEndToEndTest","org.eclipse.tractusx.edc.tests.policy.PolicyDefinitionEndToEndTest","shouldAcceptValidPolicyDefinitions"
"","17292","Malicious actor should not impersonate a consumer sending a valid consumer VP","","Mon Sep 01 03:49:46 GMT 2025","passed","Mon Sep 01 03:50:03 GMT 2025","","org.eclipse.tractusx.edc.tests.transfer.CredentialSpoofTest","org.eclipse.tractusx.edc.tests.transfer.CredentialSpoofTest","shouldNotImpersonateConsumer_withConsumerPresentation"
"","81","5.4.3.7 Verifier should reject an expired credential","","Mon Sep 01 03:49:29 GMT 2025","passed","Mon Sep 01 03:49:29 GMT 2025","","org.eclipse.dataspacetck.dcp.verification.presentation.verifier.PresentationFlowSection5Test","org.eclipse.dataspacetck.dcp.verification.presentation.verifier.PresentationFlowSection5Test","verifier_05_04_03_07_presentationResponse_expiredCredential"
"","27","Policy is not accepted Policy with different actions types","","Mon Sep 01 03:49:46 GMT 2025","passed","Mon Sep 01 03:49:46 GMT 2025","","org.eclipse.tractusx.edc.tests.policy.PolicyDefinitionEndToEndTest","org.eclipse.tractusx.edc.tests.policy.PolicyDefinitionEndToEndTest","shouldNotAcceptInvalidPolicyDefinitions"
"","4041","transferData_unsuccessful_notReturnOriginalSourceResponseCode_withTerminate()","","Mon Sep 01 03:51:41 GMT 2025","passed","Mon Sep 01 03:51:45 GMT 2025","","org.eclipse.tractusx.edc.tests.transfer.TransferPullEndToEndTest.Dsp08to08","org.eclipse.tractusx.edc.tests.transfer.TransferPullEndToEndTest$Dsp08to08","transferData_unsuccessful_notReturnOriginalSourceResponseCode_withTerminate"
"","27","Policy is accepted Contract reference","","Mon Sep 01 03:49:47 GMT 2025","passed","Mon Sep 01 03:49:47 GMT 2025","","org.eclipse.tractusx.edc.tests.policy.PolicyDefinitionEndToEndTest","org.eclipse.tractusx.edc.tests.policy.PolicyDefinitionEndToEndTest","shouldNotAcceptInvalidNamespacePolicyDefinitions"
"","40","Policy is accepted Usage Purpose","","Mon Sep 01 03:49:47 GMT 2025","passed","Mon Sep 01 03:49:47 GMT 2025","","org.eclipse.tractusx.edc.tests.policy.PolicyDefinitionEndToEndTest","org.eclipse.tractusx.edc.tests.policy.PolicyDefinitionEndToEndTest","shouldNotAcceptInvalidNamespacePolicyDefinitions"
"","36","Policy is accepted Liability","","Mon Sep 01 03:49:47 GMT 2025","passed","Mon Sep 01 03:49:47 GMT 2025","","org.eclipse.tractusx.edc.tests.policy.PolicyDefinitionEndToEndTest","org.eclipse.tractusx.edc.tests.policy.PolicyDefinitionEndToEndTest","shouldNotAcceptInvalidNamespacePolicyDefinitions"
"","25","Policy is accepted Data Usage End Date","","Mon Sep 01 03:49:47 GMT 2025","passed","Mon Sep 01 03:49:47 GMT 2025","","org.eclipse.tractusx.edc.tests.policy.PolicyDefinitionEndToEndTest","org.eclipse.tractusx.edc.tests.policy.PolicyDefinitionEndToEndTest","shouldNotAcceptInvalidNamespacePolicyDefinitions"
"","48","Policy is accepted Data Usage End Duration Days","","Mon Sep 01 03:49:45 GMT 2025","passed","Mon Sep 01 03:49:45 GMT 2025","","org.eclipse.tractusx.edc.tests.policy.PolicyDefinitionEndToEndTest","org.eclipse.tractusx.edc.tests.policy.PolicyDefinitionEndToEndTest","shouldAcceptValidPolicyDefinitions"
"","34","Policy is accepted Confidential Information Sharing","","Mon Sep 01 03:49:47 GMT 2025","passed","Mon Sep 01 03:49:47 GMT 2025","","org.eclipse.tractusx.edc.tests.policy.PolicyDefinitionEndToEndTest","org.eclipse.tractusx.edc.tests.policy.PolicyDefinitionEndToEndTest","shouldNotAcceptInvalidNamespacePolicyDefinitions"
"","2094","transferFile_s3ToAzureMultipleFiles_whenConsumerDefinesBloblName_success(Vault)","","Mon Sep 01 03:51:11 GMT 2025","passed","Mon Sep 01 03:51:13 GMT 2025","","org.eclipse.tractusx.edc.dataplane.transfer.test.MultiCloudTest","org.eclipse.tractusx.edc.dataplane.transfer.test.MultiCloudTest","transferFile_s3ToAzureMultipleFiles_whenConsumerDefinesBloblName_success"
"","46","Policy is accepted Warranty","","Mon Sep 01 03:49:46 GMT 2025","passed","Mon Sep 01 03:49:46 GMT 2025","","org.eclipse.tractusx.edc.tests.policy.PolicyDefinitionEndToEndTest","org.eclipse.tractusx.edc.tests.policy.PolicyDefinitionEndToEndTest","shouldAcceptValidPolicyDefinitions"
"","1571","trigger_shouldReturnSuccess_whenAllValidationsSucceed()","","Mon Sep 01 03:49:27 GMT 2025","passed","Mon Sep 01 03:49:28 GMT 2025","","org.eclipse.tractusx.edc.tests.transfer.DataFlowApiEndToEndTest","org.eclipse.tractusx.edc.tests.transfer.DataFlowApiEndToEndTest","trigger_shouldReturnSuccess_whenAllValidationsSucceed"
"","1269","The sign key of the authentication token is different from the public key from the DID","","Mon Sep 01 03:49:24 GMT 2025","passed","Mon Sep 01 03:49:25 GMT 2025","","org.eclipse.tractusx.edc.dataplane.tokenrefresh.e2e.DataPlaneTokenRefreshEndToEndTest","org.eclipse.tractusx.edc.dataplane.tokenrefresh.e2e.DataPlaneTokenRefreshEndToEndTest","refresh_spoofedAuthToken"
"","25","Policy is accepted Affiliates Region (IS_ANY_OF, one element)","","Mon Sep 01 03:49:47 GMT 2025","passed","Mon Sep 01 03:49:47 GMT 2025","","org.eclipse.tractusx.edc.tests.policy.PolicyDefinitionEndToEndTest","org.eclipse.tractusx.edc.tests.policy.PolicyDefinitionEndToEndTest","shouldNotAcceptInvalidNamespacePolicyDefinitions"
"","61","Policy is accepted Version Changes","","Mon Sep 01 03:49:47 GMT 2025","passed","Mon Sep 01 03:49:47 GMT 2025","","org.eclipse.tractusx.edc.tests.policy.PolicyDefinitionEndToEndTest","org.eclipse.tractusx.edc.tests.policy.PolicyDefinitionEndToEndTest","shouldNotAcceptInvalidNamespacePolicyDefinitions"
"","19","Verifier should reject an auth token without the Bearer prefix","","Mon Sep 01 03:49:28 GMT 2025","passed","Mon Sep 01 03:49:28 GMT 2025","","org.eclipse.dataspacetck.dcp.verification.presentation.verifier.PresentationFlowSection4Test","org.eclipse.dataspacetck.dcp.verification.presentation.verifier.PresentationFlowSection4Test","presentationResponse_rejectMissingBearerPrefix"
"","2917","transferData_privateBackend_withConsumerDataPlane()","","Mon Sep 01 03:50:54 GMT 2025","passed","Mon Sep 01 03:50:57 GMT 2025","","org.eclipse.tractusx.edc.tests.transfer.DimConsumerPullTest","org.eclipse.tractusx.edc.tests.transfer.DimConsumerPullTest","transferData_privateBackend_withConsumerDataPlane"
"","5879","transferData_privateBackend()","","Mon Sep 01 03:50:49 GMT 2025","passed","Mon Sep 01 03:50:54 GMT 2025","","org.eclipse.tractusx.edc.tests.transfer.DimConsumerPullTest","org.eclipse.tractusx.edc.tests.transfer.DimConsumerPullTest","transferData_privateBackend"
"","2059","transferFile_targetContainerNotExist_shouldFail(Vault)","","Mon Sep 01 03:50:56 GMT 2025","passed","Mon Sep 01 03:50:58 GMT 2025","","org.eclipse.tractusx.edc.dataplane.transfer.test.AzureToAzureTest","org.eclipse.tractusx.edc.dataplane.transfer.test.AzureToAzureTest","transferFile_targetContainerNotExist_shouldFail"
"","4562","transferData_privateBackend()","","Mon Sep 01 03:51:29 GMT 2025","passed","Mon Sep 01 03:51:33 GMT 2025","","org.eclipse.tractusx.edc.tests.transfer.TransferPullEndToEndTest.Dsp08to08","org.eclipse.tractusx.edc.tests.transfer.TransferPullEndToEndTest$Dsp08to08","transferData_privateBackend"
